{
  "id": "my-malice-module",
  "title": "My Malice Module",
  "description": "Registers a malice hook on init.",
  "version": "1.0.0",
  "authors": [
    {
      "name": "YourName"
    }
  ],
  "compatibility": {
    "minimum": "11",
    "verified": "11"
  },
  "scripts": [
    "main.js"
  ],
  "url": "https://github.com/YourName/my-malice-module",
  "manifest": "https://raw.githubusercontent.com/YourName/my-malice-module/main/module.json",
  "download": "https://raw.githubusercontent.com/YourName/my-malice-module/main/module.zip"
}
