{
  "id": "my-malice-module",
  "title": "My Malice Module",
  "description": "Registers a malice hook on init.",
  "version": "1.0.1",
  "authors": [
    {
      "name": "arbaletrier"
    }
  ],
  "compatibility": {
    "minimum": "11",
    "verified": "12"
  },
  "scripts": ["main.js"],
  "url": "https://github.com/arbaletrier/my-malice-module",
  "manifest": "https://raw.githubusercontent.com/arbaletrier/my-malice-module/main/module.json",
  "download": "https://raw.githubusercontent.com/arbaletrier/my-malice-module/main/module.zip"
}
