{
  "id": "malice-aura-splitter",
  "name": "Malice Aura Splitter",
  "title": "Malice Aura Splitter",
  "description": "Adds the Malice damage type and splits Malice damage to a linked Aura actor.",
  "version": "1.1.8",
  "authors": [
    { "name": "arbaletrier" }
  ],
  "compatibility": {
    "minimum": "11",
    "verified": "12"
  },
  "systems": ["dnd5e"],
  "esmodules": ["main.js"],
  "scripts": [],
  "styles": [],
  "packs": [],
  "url": "https://github.com/arbaletrier/my-malice-module",
  "manifest": "https://raw.githubusercontent.com/arbaletrier/my-malice-module/main/module.json",
  "download": "https://raw.githubusercontent.com/arbaletrier/my-malice-module/main/module.zip"
}
